Name *,"Categories (x,y,z...)",Price tax included,Tax rules ID,Wholesale price,Reference #,Supplier reference #,Supplier,Manufacturer,EAN13,Weight,Quantity,Summary,"Tags (x,y,z...)",Meta title,Meta keywords,Meta description,URL rewritten,"Available for order (0 = No, 1 = Yes)","Image URLs (x,y,z...)","Image alt texts (x,y,z...)",
pearl enamel - pine green shiny,Objetos Decorativo,"2,09",1,"6,27",050093,050093,Natal,Natal,8718533695915,2.3,48,"Bauble glass enamel, shiny mistletoe w glitter and snow 2col ass","pearl, enamel, pine, green, shiny, 50093, christmas, natal, 8718533695915",pearl enamel - pine green shiny,,"Bauble glass enamel, shiny mistletoe w glitter and snow 2col ass",Natal-050093,1,https://ksdwepsaimagecloud.blob.core.windows.net/ksd-p-imagecloud-nas01/050093.jpg?sv=2018-11-09&se=2023-09-27T10%3A28%3A58Z&sr=c&sp=r&sig=yAbiIDqmEq36z3FQHrLH2C35TcJVICiHKo26FI3yn9Y%3D,pearl enamel - pine green shiny,Diâmetro:8cm:1
bauble dia8cm-olive dia6xH12cm - 2col ass winter white-moss green,Objetos Decorativo,"1,43",1,"4,29",061083,061083,Natal,Natal,8720194787182,3.5,48,"Ornament glass w matt color,ice lacquer beads,sequins,glitter 4ass","bauble, 061083, christmas, Natal, 8720194787182, Objetos Decorativo",ass winter white-moss green,,"Ornament glass w matt color,ice lacquer beads,sequins,glitter 4ass",Natal-061083,1,https://ksdwepsaimagecloud.blob.core.windows.net/ksd-p-imagecloud-nas01/061083.jpg?sv=2018-11-09&se=2023-09-27T10%3A21%3A07Z&sr=c&sp=r&sig=TLnxjoOE7o0WkI11J0d5THoVn7oiJ1lTkdPOUbr92CU%3D,bauble dia8cm-olive dia6xH12cm - 2col ass winter white-moss green,Diâmetro:8cm:1
oxblood - christmas red - pine green - light gold,Objetos Decorativo,"1,58",1,"4,74",061128,061128,Natal,Natal,8720194795392,3.5,48,"Bauble glass matt diamond,bead,glitter 4col ass","oxblood, 061128, christmas, Natal, 8720194795392, Objetos Decorativo",oxblood - christmas red - pine green - light gold,,"Bauble glass matt diamond,bead,glitter 4col ass",Natal-061128,1,https://ksdwepsaimagecloud.blob.core.windows.net/ksd-p-imagecloud-nas01/061128.jpg?sv=2018-11-09&se=2023-09-27T10%3A28%3A18Z&sr=c&sp=r&sig=%2FCME%2FE5J220V7MalSwyoZP4xoQPM2NEm2WePIsVp8Is%3D,oxblood - christmas red - pine green - light gold,Diâmetro:8cm:1
wool white extra mt - wool white transp. sh - light gold mt - black sh,Objetos Decorativo,"1,31",1,"3,93",062632,062632,Natal,Natal,8720194719329,3.8,48,Bauble glass enamel-matt-transparent firework-rib-leaf-check mix,"wool, 062632, christmas, Natal, 8720194719329, Objetos Decorativo",wool white extra mt - wool white transp. sh - light gold mt - black sh,,Bauble glass enamel-matt-transparent firework-rib-leaf-check mix,Natal-062632,1,https://ksdwepsaimagecloud.blob.core.windows.net/ksd-p-imagecloud-nas01/062632.jpg?sv=2018-11-09&se=2023-09-27T10%3A29%3A41Z&sr=c&sp=r&sig=1Zp%2BV6mBKaa9kj0rASuicB2%2BomUsd9xNkz1PY%2BbEyy8%3D,wool white extra mt - wool white transp. sh - light gold mt - black sh,Diâmetro:8cm:1
winter white mt - pearl sh - hazy blue mt - winter white sh,Objetos Decorativo,"1,31",1,"3,93",062635,062635,Natal,Natal,8720194720202,3.8,48,Bauble glass shiny-matt-transparent firework-rib-leaf-check 4ass,"winter, 062635, christmas, Natal, 8720194720202, Objetos Decorativo",winter white mt - pearl sh - hazy blue mt - winter white sh,,Bauble glass shiny-matt-transparent firework-rib-leaf-check 4ass,Natal-062635,1,https://ksdwepsaimagecloud.blob.core.windows.net/ksd-p-imagecloud-nas01/062635.jpg?sv=2018-11-09&se=2023-09-27T10%3A29%3A44Z&sr=c&sp=r&sig=4L7%2FAQo1qKyfqisQOrajoKqvMBgPHKjxQ79auhTS7Fk%3D,winter white mt - pearl sh - hazy blue mt - winter white sh,Diâmetro:8cm:1
ginger brown mt - wool white sh - marble grey mt - wool white mt,Objetos Decorativo,"1,31",1,"3,93",062637,062637,Natal,Natal,8720194720493,3.8,48,Bauble glass shiny-matt-transparent firework-rib-leaf-check 4ass,"ginger, 062637, christmas, Natal, 8720194720493, Objetos Decorativo",ginger brown mt - wool white sh - marble grey mt - wool white mt,,Bauble glass shiny-matt-transparent firework-rib-leaf-check 4ass,Natal-062637,1,https://ksdwepsaimagecloud.blob.core.windows.net/ksd-p-imagecloud-nas01/062637.jpg?sv=2018-11-09&se=2023-09-27T10%3A30%3A49Z&sr=c&sp=r&sig=RZGW4Py8sExpHKAFgXPjbnwYVlNDay5YT%2BmixCqZezg%3D,ginger brown mt - wool white sh - marble grey mt - wool white mt,Diâmetro:8cm:1
pearl mt - pine green mt - Christmas red sh,Objetos Decorativo,"2,06",1,"6,18",062657,062657,Natal,Natal,8720194718964,2.9,36,Bauble glass shiny-matt line-check-leaf 3ass,"pearl, 062657, christmas, Natal, 8720194718964, Objetos Decorativo",pearl mt - pine green mt - Christmas red sh,,Bauble glass shiny-matt line-check-leaf 3ass,Natal-062657,1,https://ksdwepsaimagecloud.blob.core.windows.net/ksd-p-imagecloud-nas01/062657.jpg?sv=2018-11-09&se=2023-09-27T10%3A30%3A50Z&sr=c&sp=r&sig=becZzkKRCJAnvkG1MLut828TpeVQjWeKFfWTaN%2FAYAw%3D,pearl mt - pine green mt - Christmas red sh,Diâmetro:10cm:1
Bauble glass snow,Objetos Decorativo,"4,22",1,"12,66",062765,062765,Natal,Natal,8720194838891,2.7,24,"Bauble glass snow finish w flowers and branches decal, w transparent beads all over","Bauble, 062765, christmas, Natal, 8720194838891, Objetos Decorativo",Bauble glass snow,,"Bauble glass snow finish w flowers and branches decal, w transparent beads all over",Natal-062765,1,https://ksdwepsaimagecloud.blob.core.windows.net/ksd-p-imagecloud-nas01/062765v.jpg?sv=2018-11-09&se=2023-09-27T10%3A30%3A52Z&sr=c&sp=r&sig=nweJ84ViIfNe8szlDRk6vhRW37Ll4PaOJfOCIZHQJVA%3D,Bauble glass snow,Altura:10cm:1;Diâmetro:10cm:1
white - green,Objetos Decorativo,"4,61",1,"13,83",069861,069861,Natal,Natal,8720194838945,2,12,"Bauble glass w fabric flowers and leaves, w diamond, glitter 2col ass","white, 069861, christmas, Natal, 8720194838945, Objetos Decorativo",white - green,,"Bauble glass w fabric flowers and leaves, w diamond, glitter 2col ass",Natal-069861,1,https://ksdwepsaimagecloud.blob.core.windows.net/ksd-p-imagecloud-nas01/069861v.jpg?sv=2018-11-09&se=2023-09-27T10%3A31%3A45Z&sr=c&sp=r&sig=BTNeQu%2B2z3YAez0%2FZyn2NnpYBBhU3BSgIMJL%2FV9Dsqg%3D,white - green,Diâmetro:8cm:1
oxblood MAT- christmas red MAT - pine green MAT- MAT pearl,Objetos Decorativo,"10,50",1,"31,5",070020,070020,Natal,Natal,8720194832929,3.8,8,"Ornament glass bottom part all over glitter, w glitter, beads, diamond, dots, gems chain in middle 4col ass","oxblood, 070020, christmas, Natal, 8720194832929, Objetos Decorativo",oxblood MAT- christmas red MAT - pine green MAT- MAT pearl,,"Ornament glass bottom part all over glitter, w glitter, beads, diamond, dots, gems chain in middle 4col ass",Natal-070020,1,https://ksdwepsaimagecloud.blob.core.windows.net/ksd-p-imagecloud-nas01/070020v.jpg?sv=2018-11-09&se=2023-09-27T10%3A31%3A48Z&sr=c&sp=r&sig=0WtkuOzmkCXvdx6kkaC5nZt1eVLmjFAdxqm0jCfIOj4%3D,oxblood MAT- christmas red MAT - pine green MAT- MAT pearl,Altura:24cm:1;Diâmetro:8cm:1
oxblood MAT- christmas red MAT - pine green MAT- MAT pearl,Objetos Decorativo,"5,89",1,"17,67",070021,070021,Natal,Natal,8720194831960,3.2,12,"Bauble glass w beads, glitter, diamond, w gems chain in the middle 4col ass","oxblood, 070021, christmas, Natal, 8720194831960, Objetos Decorativo",oxblood MAT- christmas red MAT - pine green MAT- MAT pearl,,"Bauble glass w beads, glitter, diamond, w gems chain in the middle 4col ass",Natal-070021,1,https://ksdwepsaimagecloud.blob.core.windows.net/ksd-p-imagecloud-nas01/070021v.jpg?sv=2018-11-09&se=2023-09-27T10%3A31%3A49Z&sr=c&sp=r&sig=UJggpSXSKYgLVPrChsgnpXO2EJlTXVs%2B76VSBNmj%2Fp4%3D,oxblood MAT- christmas red MAT - pine green MAT- MAT pearl,Diâmetro:10cm:1
transparent w golden line,Objetos Decorativo,"1,39",1,"4,17",070087,070087,Natal,Natal,8720194834121,3.5,48,Ornament glass transparent color w golden line 3ass,"transparent, 070087, christmas, Natal, 8720194834121, Objetos Decorativo",transparent w golden line,,Ornament glass transparent color w golden line 3ass,Natal-070087,1,https://ksdwepsaimagecloud.blob.core.windows.net/ksd-p-imagecloud-nas01/070087.jpg?sv=2018-11-09&se=2023-09-27T10%3A31%3A50Z&sr=c&sp=r&sig=pEtrxVhnZgki1sWdw8hkJkMatQ8qNaP0EG1O3sKmjoA%3D,transparent w golden line,Comprimento:6cm:1;Largura:6cm:1;Altura:12cm:1
2col ass winter white matt - night blue matt,Objetos Decorativo,"1,43",1,"4,29",070096,070096,Natal,Natal,8720194832875,3.5,48,"Bauble glass opaque matt color w glitter swirl, star - w beads, diamond - w beads, glitter lines, spangle 6ass","2col, 070096, christmas, Natal, 8720194832875, Objetos Decorativo",2col ass winter white matt - night blue matt,,"Bauble glass opaque matt color w glitter swirl, star - w beads, diamond - w beads, glitter lines, spangle 6ass",Natal-070096,1,https://ksdwepsaimagecloud.blob.core.windows.net/ksd-p-imagecloud-nas01/070096.jpg?sv=2018-11-09&se=2023-09-27T10%3A31%3A51Z&sr=c&sp=r&sig=3ReIPMnDFRJpS2MFS1wq2qtMXW0k%2BwECK0doEiFvfZM%3D,2col ass winter white matt - night blue matt,Diâmetro:8cm:1
3col ass sparkling rose matt - pearl matt - pistachio matt,Objetos Decorativo,"1,46",1,"4,38",070123,070123,Natal,Natal,8720194835104,3.5,48,"Bauble glass matt w diamond and pearl in the middle, w glitter swirl 3ass","3col, 070123, christmas, Natal, 8720194835104, Objetos Decorativo",3col ass sparkling rose matt - pearl matt - pistachio matt,,"Bauble glass matt w diamond and pearl in the middle, w glitter swirl 3ass",Natal-070123,1,https://ksdwepsaimagecloud.blob.core.windows.net/ksd-p-imagecloud-nas01/070123.jpg?sv=2018-11-09&se=2023-09-27T10%3A31%3A53Z&sr=c&sp=r&sig=jawAUGxR0q4Zjtfdt9Q0xxtzxpK7bvftrrdFyJU4GDo%3D,3col ass sparkling rose matt - pearl matt - pistachio matt,Diâmetro:8cm:1
Bauble glass shiny,Objetos Decorativo,"3,77",1,"11,31",113066,113066,Natal,Natal,8717427888167,1.05,8,Bauble glass shiny,"Bauble, 113066, christmas, Natal, 8717427888167, Objetos Decorativo",Bauble glass shiny,,Bauble glass shiny,Natal-113066,1,https://ksdwepsaimagecloud.blob.core.windows.net/ksd-p-imagecloud-nas01/113066.jpg?sv=2018-11-09&se=2023-09-27T10%3A32%3A58Z&sr=c&sp=r&sig=xQ0KGQHI9QpCNgC3Au0nTx6SyGE%2FC200GPQHEEZqb3w%3D,Bauble glass shiny,Diâmetro:15cm:1
Bauble glass enamel,Objetos Decorativo,"3,77",1,"11,31",114826,114826,Natal,Natal,8718532548458,1.05,8,Bauble glass enamel,"Bauble, 114826, christmas, Natal, 8718532548458, Objetos Decorativo",Bauble glass enamel,,Bauble glass enamel,Natal-114826,1,https://ksdwepsaimagecloud.blob.core.windows.net/ksd-p-imagecloud-nas01/114826.jpg?sv=2018-11-09&se=2023-09-27T10%3A32%3A59Z&sr=c&sp=r&sig=bH9PlHS%2FGeohCQQDsvcgGz4zgXBDifz4l%2BsWCTxZg3E%3D,Bauble glass enamel,Diâmetro:15cm:1
light green - green - dark green,Objetos Decorativo,"3,94",1,"11,82",120317,120317,Natal,Natal,8718533509670,4.5,24,Pinecone glass antique frosted 3col ass,"light, 120317, christmas, Natal, 8718533509670, Objetos Decorativo",light green - green - dark green,,Pinecone glass antique frosted 3col ass,Natal-120317,1,https://ksdwepsaimagecloud.blob.core.windows.net/ksd-p-imagecloud-nas01/120317v.jpg?sv=2018-11-09&se=2023-09-27T10%3A33%3A01Z&sr=c&sp=r&sig=E6RsTbt2UhecTvgHRWGjCNf4Yu6cYe3CsXSMyQdNPog%3D,light green - green - dark green,Altura:12cm:1;Diâmetro:6cm:1
"nutcracker w shovel and basket of mushroom - santa w stick, basket and backpack w mushroom",Objetos Decorativo,"5,74",1,"17,22",121271,121271,Natal,Natal,8720194842607,2.5,24,"Figures glass w fake fur, snail, binocular, lantern 2ass","nutcracker, 121271, christmas, Natal, 8720194842607, Objetos Decorativo","nutcracker w shovel and basket of mushroom - santa w stick, basket and backpack w mushroom",,"Figures glass w fake fur, snail, binocular, lantern 2ass",Natal-121271,1,https://ksdwepsaimagecloud.blob.core.windows.net/ksd-p-imagecloud-nas01/121271.jpg?sv=2018-11-09&se=2023-09-27T10%3A33%3A03Z&sr=c&sp=r&sig=nq6rymyozfUYyXuT%2BixRr1GlxaG9IpZe%2BCQHhcu2l5s%3D,"nutcracker w shovel and basket of mushroom - santa w stick, basket and backpack w mushroom",Comprimento:7.8cm:1;Largura:6cm:1;Altura:15cm:1
Bauble glass transparent,Objetos Decorativo,"2,35",1,"7,05",138015,138015,Natal,Natal,8720194523650,2.3,48,Bauble glass transparent - eco pointsettia with branches,"Bauble, 138015, christmas, Natal, 8720194523650, Objetos Decorativo",Bauble glass transparent,,Bauble glass transparent - eco pointsettia with branches,Natal-138015,1,https://ksdwepsaimagecloud.blob.core.windows.net/ksd-p-imagecloud-nas01/138015.jpg?sv=2018-11-09&se=2023-09-27T10%3A33%3A04Z&sr=c&sp=r&sig=S8laDMardzXGwCErKPIp8PsykW2gL2kTMVtYhYLcZ7g%3D,Bauble glass transparent,Diâmetro:8cm:1
red-green-white,Objetos Decorativo,"3,67",1,"11,01",209610,209610,Natal,Natal,8720194809815,13,24,Candle wax 3col ass,"red-green-white, 138015, christmas, Natal, 8720194523650, Objetos Decorativo",red-green-white,,Candle wax 3col ass,Natal-209610,1,https://ksdwepsaimagecloud.blob.core.windows.net/ksd-p-imagecloud-nas01/209610v.jpg?sv=2018-11-09&se=2023-09-27T10%3A33%3A06Z&sr=c&sp=r&sig=WiZo4XsZq%2BCJcU0cspSUU3dhRrIEiM4e1IoctCl4Ym0%3D,red-green-white,Altura:9cm:1;Diâmetro:8cm:1
Train iron tree,Objetos Decorativo,"65,23",1,"195,69",380255,380255,Natal,Natal,8719152939800,1.1,1,"Train iron tree gifts, berries, pinecones, bells","Train, 380255, christmas, Natal, 8719152939800, Objetos Decorativo",Train iron tree,,"Train iron tree gifts, berries, pinecones, bells",Natal-380255,1,https://ksdwepsaimagecloud.blob.core.windows.net/ksd-p-imagecloud-nas01/380255.jpg?sv=2018-11-09&se=2023-09-27T10%3A34%3A29Z&sr=c&sp=r&sig=cfRLB1bkAQ1n6PkliCLyVETNmNx9f2Mk%2FQWtCTSHUUQ%3D,Train iron tree,Comprimento:92cm:1;Largura:16.3cm:1;Altura:30cm:1
Lantern iron,Objetos Decorativo,"8,20",1,"24,6",380543,380543,Natal,Natal,8720093998979,7,6,Lantern iron,"Lantern, 380543, christmas, Natal, 8720093998979, Objetos Decorativo",Lantern iron,,Lantern iron,Natal-380543,1,https://ksdwepsaimagecloud.blob.core.windows.net/ksd-p-imagecloud-nas01/380543.jpg?sv=2018-11-09&se=2023-09-27T10%3A34%3A31Z&sr=c&sp=r&sig=b3WP%2FBv53Bfuc1Njw0fq32ICH0Te8zoxiudo36ZS7bY%3D,Lantern iron,Comprimento:15cm:1;Largura:15cm:1;Altura:37cm:1
Lantern iron,Objetos Decorativo,"6,35",1,"19,05",380544,380544,Natal,Natal,8720093998986,16.76,8,Lantern iron,"Lantern, 380544, christmas, Natal, 8720093998986, Objetos Decorativo",Lantern iron,,Lantern iron,Natal-380544,1,https://ksdwepsaimagecloud.blob.core.windows.net/ksd-p-imagecloud-nas01/380544.jpg?sv=2018-11-09&se=2023-09-27T10%3A34%3A32Z&sr=c&sp=r&sig=GxgZZlCmKFx5S%2BYyh5Lks4wZEWonhLSzScr9nuSCfDA%3D,Lantern iron,Comprimento:11cm:1;Largura:11cm:1;Altura:25cm:1
Mailbox iron on foot,Objetos Decorativo,"41,94",1,"125,82",386382,386382,Natal,Natal,8719152716555,2.8,1,Mailbox iron on foot,"Mailbox, 386382, christmas, Natal, 8719152716555, Objetos Decorativo",Mailbox iron on foot,,Mailbox iron on foot,Natal-386382,1,https://ksdwepsaimagecloud.blob.core.windows.net/ksd-p-imagecloud-nas01/386382.jpg?sv=2018-11-09&se=2023-09-27T10%3A34%3A33Z&sr=c&sp=r&sig=aXskkbH4cxy0GGf9Vrz61h7lYT5O6qkJSMKqI45lvGg%3D,Mailbox iron on foot,Comprimento:36.5cm:1;Largura:29.5cm:1;Altura:89cm:1
ecru - black - grey,Objetos Decorativo,"8,21",1,"24,63",391464,391464,Natal,Natal,8720194324790,9.75,24,Candleholder aluminium 3col ass,"ecru, 391464, christmas, Natal, 8720194324790, Objetos Decorativo",ecru - black - grey,,Candleholder aluminium 3col ass,Natal-391464,1,https://ksdwepsaimagecloud.blob.core.windows.net/ksd-p-imagecloud-nas01/391464.jpg?sv=2018-11-09&se=2023-09-27T10%3A34%3A34Z&sr=c&sp=r&sig=5zFy3Ica2K9VQdYhvTKEi0KxUTodhnMzBudvJ43Lhkc%3D,ecru - black - grey,Altura:20cm:1;Diâmetro:5cm:1
sage green-dark green,Objetos Decorativo,"2,12",1,"6,36",451733,451733,Natal,Natal,8720194732540,7.83,24,Giftbag paper rectangle glitter texts-leaf with handle 2col ass fsc 100%,"sage, 451733, christmas, Natal, 8720194732540, Objetos Decorativo",sage green-dark green,,Giftbag paper rectangle glitter texts-leaf with handle 2col ass fsc 100%,Natal-451733,1,https://ksdwepsaimagecloud.blob.core.windows.net/ksd-p-imagecloud-nas01/451733.jpg?sv=2018-11-09&se=2023-09-27T10%3A34%3A35Z&sr=c&sp=r&sig=VyarlSKzp%2FFRtFfirc1fQ2CBJBx9Sv4puQLiFvgKhjY%3D,sage green-dark green,Comprimento:18cm:1;Largura:50cm:1;Altura:72cm:1
red check w tree -green check w wreath,Objetos Decorativo,"2,12",1,"6,36",451745,451745,Natal,Natal,8720194733738,7.83,24,Giftbag paper rectangle glitter check-xmas tree with handle 2ass fsc 100%,"red, 451745, christmas, Natal, 8720194733738, Objetos Decorativo",red check w tree -green check w wreath,,Giftbag paper rectangle glitter check-xmas tree with handle 2ass fsc 100%,Natal-451745,1,https://ksdwepsaimagecloud.blob.core.windows.net/ksd-p-imagecloud-nas01/451745.jpg?sv=2018-11-09&se=2023-09-27T10%3A35%3A10Z&sr=c&sp=r&sig=YUX6DAxaptL95iyc7d4qVhujZZl7mE8toOfSdT5hrOk%3D,red check w tree -green check w wreath,Comprimento:18cm:1;Largura:50cm:1;Altura:72cm:1
red check w tree -green check w wreath,Objetos Decorativo,"1,72",1,"5,16",451746,451746,Natal,Natal,8720194732748,7.3,36,Giftbag paper rectangle glitter check-xmas tree with handle 2ass fsc 100%,"red, 451746, christmas, Natal, 8720194732748, Objetos Decorativo",red check w tree -green check w wreath,,Giftbag paper rectangle glitter check-xmas tree with handle 2ass fsc 100%,Natal-451746,1,https://ksdwepsaimagecloud.blob.core.windows.net/ksd-p-imagecloud-nas01/451746.jpg?sv=2018-11-09&se=2023-09-27T10%3A35%3A12Z&sr=c&sp=r&sig=apfNtCEhhPEYWb%2FAQ3VpHIUikIwBnzUPZ1LJje2weFo%3D,red check w tree -green check w wreath,Comprimento:16cm:1;Largura:42cm:1;Altura:48cm:1
white red - red white,Objetos Decorativo,"1,79",1,"5,37",457186,457186,Natal,Natal,8719152756049,3.6,24,"Lolly foam lolly glitter, red satin bow 2col ass","white, 457186, christmas, Natal, 8719152756049, Objetos Decorativo",white red - red white,,"Lolly foam lolly glitter, red satin bow 2col ass",Natal-457186,1,https://ksdwepsaimagecloud.blob.core.windows.net/ksd-p-imagecloud-nas01/457186.jpg?sv=2018-11-09&se=2023-09-27T10%3A35%3A13Z&sr=c&sp=r&sig=UjSPD%2F1neS04j1%2FMz8vhKTynVqyk0Zn1Ha3zo2PKTX4%3D,white red - red white,Comprimento:3.5cm:1;Largura:14cm:1;Altura:36cm:1
white red - red white,Objetos Decorativo,"0,92",1,"2,76",457189,457189,Natal,Natal,8719152756070,3,24,Candy foam glitter 2col ass,"white, 457189, christmas, Natal, 8719152756070, Objetos Decorativo",white red - red white,,Candy foam glitter 2col ass,Natal-457189,1,https://ksdwepsaimagecloud.blob.core.windows.net/ksd-p-imagecloud-nas01/457189.jpg?sv=2018-11-09&se=2023-09-27T10%3A35%3A14Z&sr=c&sp=r&sig=9kBc4hMSiJx8zRLNfZJ2COlFuUJl701X%2FZpgLMftVCg%3D,white red - red white,Comprimento:3cm:1;Largura:8cm:1;Altura:20.5cm:1
Throw polyester rabbit fur,Objetos Decorativo,"37,79",1,"113,37",460797,460797,Natal,Natal,8720194885048,10.5,6,Throw polyester rabbit fur,"Throw, 460797, christmas, Natal, 8720194885048, Objetos Decorativo",Throw polyester rabbit fur,,Throw polyester rabbit fur,Natal-460797,1,https://ksdwepsaimagecloud.blob.core.windows.net/ksd-p-imagecloud-nas01/460797.jpg?sv=2018-11-09&se=2023-09-27T10%3A35%3A16Z&sr=c&sp=r&sig=iK2SO7AGAR2rwyEKWwsCAFzLZfyy%2F6TEjBcXuAvXv8E%3D,Throw polyester rabbit fur,Comprimento:130cm:1;Largura:150cm:1;Altura:1cm:1
LED water spinner,Objetos Decorativo,"11,50",1,"34,5",480972,480972,Natal,Natal,8719152081400,9.6,6,LED water spinner plastic tel booth steady BO indoor,"LED, 480972, christmas, Natal, 8719152081400, Objetos Decorativo",LED water spinner,,LED water spinner plastic tel booth steady BO indoor,Natal-480972,1,https://ksdwepsaimagecloud.blob.core.windows.net/ksd-p-imagecloud-nas01/480972s1.jpg?sv=2018-11-09&se=2023-09-27T10%3A35%3A18Z&sr=c&sp=r&sig=NWe9OLQuhDcL35rmfk7wzAxGXv2tu3998ScFhuU9COE%3D,LED water spinner,Comprimento:11cm:1;Largura:11cm:1;Altura:27cm:1
Battery eliminator BO,Objetos Decorativo,"4,47",1,"13,41",482673,482673,Natal,Natal,8718532336611,7,10,Battery eliminator BO indoor,"Battery, 482673, christmas, Natal, 8718532336611, Objetos Decorativo",Battery eliminator BO,,Battery eliminator BO indoor,Natal-482673,1,https://ksdwepsaimagecloud.blob.core.windows.net/ksd-p-imagecloud-nas01/482673s1.jpg?sv=2018-11-09&se=2023-09-27T10%3A36%3A01Z&sr=c&sp=r&sig=LaEV1%2FLDXgi6AfuW6dToU7B3zZCtZcxM1m8JLFOVaz8%3D,Battery eliminator BO,Comprimento:300cm:1
LED scenery plastic,Objetos Decorativo,"41,68",1,"125,04",484361,484361,Natal,Natal,8720194640913,3.5,2,LED scenery plastic flashing effect indoor,"LED, 484361, christmas, Natal, 8720194640913, Objetos Decorativo",LED scenery plastic,,LED scenery plastic flashing effect indoor,Natal-484361,1,https://ksdwepsaimagecloud.blob.core.windows.net/ksd-p-imagecloud-nas01/484361.jpg?sv=2018-11-09&se=2023-09-27T10%3A36%3A02Z&sr=c&sp=r&sig=sxfbiezBbnL9z32FXFhNnapxGqYiSI%2BL8xEq%2BQpTyPg%3D,LED scenery plastic,Comprimento:24.9cm:1;Largura:36.5cm:1;Altura:23.2cm:1
people dancing 8L - Santa with giftbag 6L - snowmans 3L - Santa with reindeer 7L,Objetos Decorativo,"15,24",1,"45,72",484682,484682,Natal,Natal,8720194639399,6,8,LED scenery polyresin steady BO indoor 4ass,"people, 484682, christmas, Natal, 8720194639399, Objetos Decorativo",people dancing 8L - Santa with giftbag 6L - snowmans 3L - Santa with reindeer 7L,,LED scenery polyresin steady BO indoor 4ass,Natal-484682,1,https://ksdwepsaimagecloud.blob.core.windows.net/ksd-p-imagecloud-nas01/484682.jpg?sv=2018-11-09&se=2023-09-27T10%3A36%3A03Z&sr=c&sp=r&sig=qrq%2FIWG0apIxM04xbAyAbqucySUnxFU7Ye7J4G%2F%2FL5w%3D,people dancing 8L - Santa with giftbag 6L - snowmans 3L - Santa with reindeer 7L,Comprimento:14.5cm:1;Largura:14.5cm:1;Altura:19.5cm:1
Micro LED ball,Objetos Decorativo,"8,48",1,"25,44",485673,485673,Natal,Natal,8720093389623,2.6,4,Micro LED ball steady BO indoor,"Micro, 485673, christmas, Natal, 8720093389623, Objetos Decorativo",Micro LED ball,,Micro LED ball steady BO indoor,Natal-485673,1,https://ksdwepsaimagecloud.blob.core.windows.net/ksd-p-imagecloud-nas01/485673s1.jpg?sv=2018-11-09&se=2023-09-27T10%3A36%3A04Z&sr=c&sp=r&sig=I04dW3ABkl0RHkMMywgyFlbDYxPHI4keEE%2Fl1T6Uh5g%3D,Micro LED ball,Diâmetro:20cm:1
Micro LED pinecone,Objetos Decorativo,"6,05",1,"18,15",485675,485675,Natal,Natal,8720093389647,2.4,4,Micro LED pinecone steady BO indoor,"Micro, 485675, christmas, Natal, 8720093389647, Objetos Decorativo",Micro LED pinecone,,Micro LED pinecone steady BO indoor,Natal-485675,1,https://ksdwepsaimagecloud.blob.core.windows.net/ksd-p-imagecloud-nas01/485675s1.jpg?sv=2018-11-09&se=2023-09-27T10%3A36%3A05Z&sr=c&sp=r&sig=02VgJEC00tTTqWmw7ZJxsI60mdZhk19rB5dwYv0kuqo%3D,Micro LED pinecone,Altura:21cm:1;Diâmetro:15cm:1
LED wick candle,Objetos Decorativo,"11,67",1,"35,01",485838,485838,Natal,Natal,8720093411072,5.2,4,LED wick candle glass cylinder BO indoor,"LED, 485838, christmas, Natal, 8720093411072, Objetos Decorativo",LED wick candle,,LED wick candle glass cylinder BO indoor,Natal-485838,1,https://ksdwepsaimagecloud.blob.core.windows.net/ksd-p-imagecloud-nas01/485838s1.jpg?sv=2018-11-09&se=2023-09-27T10%3A36%3A06Z&sr=c&sp=r&sig=tMUjzszhP226iPjaUCscL0QiXVK5GIFk5fpAgRwFWic%3D,LED wick candle,Altura:17.5cm:1;Diâmetro:10cm:1
LED wick dinner,Objetos Decorativo,"4,25",1,"12,75",486848,486848,Natal,Natal,8720194672280,4.6,28,LED wick dinner candle wax carved w flat top steady BO indoor,"LED, 486848, christmas, Natal, 8720194672280, Objetos Decorativo",LED wick dinner,,LED wick dinner candle wax carved w flat top steady BO indoor,Natal-486848,1,https://ksdwepsaimagecloud.blob.core.windows.net/ksd-p-imagecloud-nas01/486848s1.jpg?sv=2018-11-09&se=2023-09-27T10%3A37%3A00Z&sr=c&sp=r&sig=nOMaQ%2BhZW4qccX6etRjguVf92trAyg%2BtaV1BSAppOXA%3D,LED wick dinner,Altura:24.5cm:1;Diâmetro:2.2cm:1
Micro LED pinecone,Objetos Decorativo,"6,49",1,"19,47",487002,487002,Natal,Natal,8720194719664,1.42,4,Micro LED pinecone steady BO indoor,"Micro, 487002, christmas, Natal, 8720194719664, Objetos Decorativo",Micro LED pinecone,,Micro LED pinecone steady BO indoor,Natal-487002,1,https://ksdwepsaimagecloud.blob.core.windows.net/ksd-p-imagecloud-nas01/487002s1.jpg?sv=2018-11-09&se=2023-09-27T10%3A37%3A01Z&sr=c&sp=r&sig=zX13CODvDxJpe%2Fel%2FZQ7tLLHmeBQmPQmGKnr24clKZg%3D,Micro LED pinecone,Altura:21cm:1;Diâmetro:15cm:1
LED candle lights,Objetos Decorativo,"16,09",1,"48,27",487102,487102,Natal,Natal,8720194672037,2.6,8,LED candle lights steady BO indoor,"LED, 487102, christmas, Natal, 8720194672037, Objetos Decorativo",LED candle lights,,LED candle lights steady BO indoor,Natal-487102,1,https://ksdwepsaimagecloud.blob.core.windows.net/ksd-p-imagecloud-nas01/487102s1.jpg?sv=2018-11-09&se=2023-09-27T10%3A37%3A02Z&sr=c&sp=r&sig=N3FIWAouuYH8052Es361GJmopr7%2B6KJnlxgLz06DeyA%3D,LED candle lights,Altura:14cm:1;Diâmetro:1.5cm:1
"two difference house with mice
bakery concern-12l,cupcake-6l",Objetos Decorativo,"18,54",1,"55,62",487174,487174,Natal,Natal,8720194684900,8,8,Micro LED scenery polyresin steady BO indoor 2ass,"two, 487174, christmas, Natal, 8720194684900, Objetos Decorativo","two difference house with mice
bakery concern-12l,cupcake-6l",,Micro LED scenery polyresin steady BO indoor 2ass,Natal-487174,1,https://ksdwepsaimagecloud.blob.core.windows.net/ksd-p-imagecloud-nas01/487174.jpg?sv=2018-11-09&se=2023-09-27T10%3A37%3A03Z&sr=c&sp=r&sig=1aeh5RY0pxQS7u3bxr9c%2Bf%2FgzU9AcyZkH%2B4VhuLLg8U%3D,"two difference house with mice
bakery concern-12l,cupcake-6l",Comprimento:12.5cm:1;Largura:15.5cm:1;Altura:19cm:1
merry christmas - cookies - gift shop,Objetos Decorativo,"11,76",1,"35,28",487204,487204,Natal,Natal,8720194681022,7.5,12,LED scenery plastic steady BO indoor 3ass,"merry, 487204, christmas, Natal, 8720194681022, Objetos Decorativo",merry christmas - cookies - gift shop,,LED scenery plastic steady BO indoor 3ass,Natal-487204,1,https://ksdwepsaimagecloud.blob.core.windows.net/ksd-p-imagecloud-nas01/487204s1.jpg?sv=2018-11-09&se=2023-09-27T10%3A37%3A05Z&sr=c&sp=r&sig=gYKLv7%2FHNUlv5VbmfD2lVlp3%2FOPjNmqLYBjzXUua5ss%3D,merry christmas - cookies - gift shop,Comprimento:9.5cm:1;Largura:14.3cm:1;Altura:18.5cm:1
cabin 5L - camping supplies 3L - James pet village 4L,Objetos Decorativo,"6,57",1,"19,71",487241,487241,Natal,Natal,8720194678831,6.5,18,LED scenery polyresin steady BO indoor 3ass,"cabin, 487241, christmas, Natal, 8720194678831, Objetos Decorativo",cabin 5L - camping supplies 3L - James pet village 4L,,LED scenery polyresin steady BO indoor 3ass,Natal-487241,1,https://ksdwepsaimagecloud.blob.core.windows.net/ksd-p-imagecloud-nas01/487241s1.jpg?sv=2018-11-09&se=2023-09-27T10%3A37%3A06Z&sr=c&sp=r&sig=vh3dH64X4Z5rywMH5vrF6XKlEVlSheKJUPr9W5PD4gU%3D,cabin 5L - camping supplies 3L - James pet village 4L,Comprimento:9.5cm:1;Largura:11.5cm:1;Altura:12.5cm:1
red house & white house,Objetos Decorativo,"20,72",1,"62,16",488730,488730,Natal,Natal,8720194939499,9.86,4,LED water spinner plastic house steady BO indoor 2ass,"red, 488730, christmas, Natal, 8720194939499, Objetos Decorativo",red house & white house,,LED water spinner plastic house steady BO indoor 2ass,Natal-488730,1,https://ksdwepsaimagecloud.blob.core.windows.net/ksd-p-imagecloud-nas01/488730s1.jpg?sv=2018-11-09&se=2023-09-27T10%3A38%3A36Z&sr=c&sp=r&sig=KaTEyOqGenJM6nVjIeGF51sQCQae6MJ%2FRiFEgyUV80o%3D,red house & white house,Comprimento:9.3cm:1;Largura:16cm:1;Altura:25.5cm:1
LED water spinner,Objetos Decorativo,"22,76",1,"68,28",488739,488739,Natal,Natal,8720194686324,14.04,6,LED water spinner plastic house steady BO indoor,"LED, 488739, christmas, Natal, 8720194686324, Objetos Decorativo",LED water spinner,,LED water spinner plastic house steady BO indoor,Natal-488739,1,https://ksdwepsaimagecloud.blob.core.windows.net/ksd-p-imagecloud-nas01/488739s1.jpg?sv=2018-11-09&se=2023-09-27T10%3A38%3A38Z&sr=c&sp=r&sig=fr9pCQYMj9UoQcErdzNIEb1IM3ojuPfBHJ242MW5bmE%3D,LED water spinner,Comprimento:9.3cm:1;Largura:16cm:1;Altura:25.5cm:1
LED vintage lights,Objetos Decorativo,"15,97",1,"47,91",493275,493275,Natal,Natal,8720194672419,5,6,LED vintage lights 8 function twinkle effect indoor,"LED, 493275, christmas, Natal, 8720194672419, Objetos Decorativo",LED vintage lights,,LED vintage lights 8 function twinkle effect indoor,Natal-493275,1,https://ksdwepsaimagecloud.blob.core.windows.net/ksd-p-imagecloud-nas01/493275s1.jpg?sv=2018-11-09&se=2023-09-27T10%3A38%3A39Z&sr=c&sp=r&sig=UbpscKAF%2FF%2BzDk%2Bfn36zk9kidA75cgByg79FhiGDmMs%3D,LED vintage lights,Comprimento:1790cm:1
LED vintage lights,Objetos Decorativo,"15,97",1,"47,91",493277,493277,Natal,Natal,8720194671818,5,6,LED vintage lights 8 function twinkle effect indoor,"LED, 493277, christmas, Natal, 8720194671818, Objetos Decorativo",LED vintage lights,,LED vintage lights 8 function twinkle effect indoor,Natal-493277,1,https://ksdwepsaimagecloud.blob.core.windows.net/ksd-p-imagecloud-nas01/493277s1.jpg?sv=2018-11-09&se=2023-09-27T10%3A38%3A40Z&sr=c&sp=r&sig=BNGz6Q8%2BX30X37NXjqWsO8POzACOEb%2B8dXZIO2Pfc68%3D,LED vintage lights,Comprimento:1790cm:1
LED arch 8,Objetos Decorativo,"108,41",1,"325,23",493401,493401,Natal,Natal,8720194801093,8.2,1,LED arch 8 function twinkle effect outdoor,"LED, 493401, christmas, Natal, 8720194801093, Objetos Decorativo",LED arch 8,,LED arch 8 function twinkle effect outdoor,Natal-493401,1,https://ksdwepsaimagecloud.blob.core.windows.net/ksd-p-imagecloud-nas01/493401s1.jpg?sv=2018-11-09&se=2023-09-27T10%3A38%3A41Z&sr=c&sp=r&sig=E38PaLxF5%2FhqAxFLetE%2F%2B0mj82FWc4Lxa%2Bwhv7jJC%2FA%3D,LED arch 8,Comprimento:2.5cm:1;Largura:130cm:1;Altura:230cm:1
LED tree metal,Objetos Decorativo,"84,73",1,"254,19",493445,493445,Natal,Natal,8720093310702,11,2,LED tree metal light-up cluster steady outdoor,"LED, 493445, christmas, Natal, 8720093310702, Objetos Decorativo",LED tree metal,,LED tree metal light-up cluster steady outdoor,Natal-493445,1,https://ksdwepsaimagecloud.blob.core.windows.net/ksd-p-imagecloud-nas01/493445s1.jpg?sv=2018-11-09&se=2023-09-27T10%3A38%3A42Z&sr=c&sp=r&sig=B3uTOdQuOfn%2FWNkMORZLUXcaRiMMrHRsh8io%2Fy%2FGM8c%3D,LED tree metal,Altura:300cm:1;Diâmetro:180cm:1
LED compact lights,Objetos Decorativo,"11,47",1,"34,41",495351,495351,Natal,Natal,8718533402568,4.7,6,LED compact lights 8 function twinkle effect outdoor,"LED, 495351, christmas, Natal, 8718533402568, Objetos Decorativo",LED compact lights,,LED compact lights 8 function twinkle effect outdoor,Natal-495351,1,https://ksdwepsaimagecloud.blob.core.windows.net/ksd-p-imagecloud-nas01/495351s1.jpg?sv=2018-11-09&se=2023-09-27T10%3A40%3A38Z&sr=c&sp=r&sig=kY7aE%2B74toUESi64bwWAGsAqVhLgo0hRlZzxT%2B%2F2bVA%3D,LED compact lights,Comprimento:1600cm:1
Micro LED frame,Objetos Decorativo,"123,81",1,"371,43",496472,496472,Natal,Natal,8720194687505,6.5,2,Micro LED frame deluxe wreath steady outdoor,"Micro, 496472, christmas, Natal, 8720194687505, Objetos Decorativo",Micro LED frame,,Micro LED frame deluxe wreath steady outdoor,Natal-496472,1,https://ksdwepsaimagecloud.blob.core.windows.net/ksd-p-imagecloud-nas01/496472s1.jpg?sv=2018-11-09&se=2023-09-27T10%3A40%3A39Z&sr=c&sp=r&sig=%2B0J73fLJujRlFeFwdjE4KIB6lLIDojzrAHNBeJRSCog%3D,Micro LED frame,Comprimento:9cm:1;Diâmetro:78cm:1
Micro LED cluster,Objetos Decorativo,"26,32",1,"78,96",496736,496736,Natal,Natal,8720093541090,3.2,6,Micro LED cluster lights 8 function twinkle effect outdoor,"Micro, 496736, christmas, Natal, 8720093541090, Objetos Decorativo",Micro LED cluster,,Micro LED cluster lights 8 function twinkle effect outdoor,Natal-496736,1,https://ksdwepsaimagecloud.blob.core.windows.net/ksd-p-imagecloud-nas01/496736s1.jpg?sv=2018-11-09&se=2023-09-27T10%3A40%3A41Z&sr=c&sp=r&sig=0XHiksTHSUqNgkUtHUDj8j47mP%2FQBaexSJSBtu%2FLmIo%3D,Micro LED cluster,Comprimento:600cm:1
Micro LED stringlights,Objetos Decorativo,"4,46",1,"13,38",497069,497069,Natal,Natal,8718533960181,4,6,Micro LED stringlights 8 function twinkle effect outdoor,"Micro, 497069, christmas, Natal, 8718533960181, Objetos Decorativo",Micro LED stringlights,,Micro LED stringlights 8 function twinkle effect outdoor,Natal-497069,1,https://ksdwepsaimagecloud.blob.core.windows.net/ksd-p-imagecloud-nas01/497069s1.jpg?sv=2018-11-09&se=2023-09-27T10%3A40%3A42Z&sr=c&sp=r&sig=4G%2BOgOSUCkRO03nPIyQZO25QSoRnoRARwc6SichtNCY%3D,Micro LED stringlights,Comprimento:595cm:1
Micro LED stringlights,Objetos Decorativo,"7,44",1,"22,32",497114,497114,Natal,Natal,8720093540635,1.8,8,Micro LED stringlights 8 function twinkle effect outdoor,"Micro, 497114, christmas, Natal, 8720093540635, Objetos Decorativo",Micro LED stringlights,,Micro LED stringlights 8 function twinkle effect outdoor,Natal-497114,1,https://ksdwepsaimagecloud.blob.core.windows.net/ksd-p-imagecloud-nas01/497114s1.jpg?sv=2018-11-09&se=2023-09-27T10%3A40%3A43Z&sr=c&sp=r&sig=hvBFaINtXelZTur9c9JVw%2BCo0CRXFWlHBBODt%2FPVTI0%3D,Micro LED stringlights,Comprimento:1800cm:1
Micro LED stringlights,Objetos Decorativo,"8,80",1,"26,4",497135,497135,Natal,Natal,8720093540680,7.3,6,Micro LED stringlights 8 function twinkle effect outdoor,"Micro, 497135, christmas, Natal, 8720093540680, Objetos Decorativo",Micro LED stringlights,,Micro LED stringlights 8 function twinkle effect outdoor,Natal-497135,1,https://ksdwepsaimagecloud.blob.core.windows.net/ksd-p-imagecloud-nas01/497135s1.jpg?sv=2018-11-09&se=2023-09-27T10%3A40%3A45Z&sr=c&sp=r&sig=ww9ORds1iFql18mL1qwiI8fB0gIcpGTHHGHNuvL3Jp8%3D,Micro LED stringlights,Comprimento:2395cm:1
Candy stick plastic,Objetos Decorativo,"1,31",1,"3,93",517683,517683,Natal,Natal,8718533634297,8.6,24,Candy stick plastic,"Candy, 517683, christmas, Natal, 8718533634297, Objetos Decorativo",Candy stick plastic,,Candy stick plastic,Natal-517683,1,https://ksdwepsaimagecloud.blob.core.windows.net/ksd-p-imagecloud-nas01/517683.jpg?sv=2018-11-09&se=2023-09-27T10%3A41%3A37Z&sr=c&sp=r&sig=EGwnvD60yR06UeL6elg7LJubWeZXIWWFGrcFvTumUSw%3D,Candy stick plastic,Comprimento:1.1cm:1;Largura:6.5cm:1;Altura:30cm:1
Rocking horse polyresin,Objetos Decorativo,"54,94",1,"164,82",520538,520538,Natal,Natal,8720194460962,4.8,1,Rocking horse polyresin rocking horse antique,"Rocking, 520538, christmas, Natal, 8720194460962, Objetos Decorativo",Rocking horse polyresin,,Rocking horse polyresin rocking horse antique,Natal-520538,1,https://ksdwepsaimagecloud.blob.core.windows.net/ksd-p-imagecloud-nas01/520538.jpg?sv=2018-11-09&se=2023-09-27T10%3A41%3A38Z&sr=c&sp=r&sig=iS7o4BGgNFI2tthXFuo7CRBWfY%2BSezxu2m8LVefLlFM%3D,Rocking horse polyresin,Comprimento:14cm:1;Largura:55.5cm:1;Altura:48cm:1
Nutcracker firwood,Objetos Decorativo,"3,17",1,"9,51",521388,521388,Natal,Natal,8720194465424,4,60,Nutcracker firwood on rocking horse 3ass fsc 100%,"Nutcracker, 521388, christmas, Natal, 8720194465424, Objetos Decorativo",Nutcracker firwood,,Nutcracker firwood on rocking horse 3ass fsc 100%,Natal-521388,1,https://ksdwepsaimagecloud.blob.core.windows.net/ksd-p-imagecloud-nas01/521388.jpg?sv=2018-11-09&se=2023-09-27T10%3A41%3A39Z&sr=c&sp=r&sig=ncLf3U11TRjYWnuXTu%2FfPqPrGk16FUD1iuris%2FOgGqM%3D,Nutcracker firwood,Comprimento:4cm:1;Largura:7cm:1;Altura:10.5cm:1
Fireplace iron matt,Objetos Decorativo,"49,29",1,"147,87",521858,521858,Natal,Natal,8720194894620,6.5,1,Fireplace iron matt finish with chimney indoor and outdoor,"Fireplace, 521858, christmas, Natal, 8720194894620, Objetos Decorativo",Fireplace iron matt,,Fireplace iron matt finish with chimney indoor and outdoor,Natal-521858,1,https://ksdwepsaimagecloud.blob.core.windows.net/ksd-p-imagecloud-nas01/521858.jpg?sv=2018-11-09&se=2023-09-27T10%3A41%3A40Z&sr=c&sp=r&sig=iLI8Ik1e2kpr7AytbP1JQ3eVJ5rJrgaNDkXJ61XM7wg%3D,Fireplace iron matt,Altura:105cm:1;Diâmetro:42cm:1
Rack iron matt,Objetos Decorativo,"18,05",1,"54,15",521860,521860,Natal,Natal,8720194895900,4.2,2,Rack iron matt finish,"Rack, 521860, christmas, Natal, 8720194895900, Objetos Decorativo",Rack iron matt,,Rack iron matt finish,Natal-521860,1,https://ksdwepsaimagecloud.blob.core.windows.net/ksd-p-imagecloud-nas01/521860.jpg?sv=2018-11-09&se=2023-09-27T10%3A41%3A41Z&sr=c&sp=r&sig=IDpSg7%2B%2Fg9Y8z8KNIkpM45x7ZImzzjLOipFZ9RZRRjs%3D,Rack iron matt,Comprimento:22cm:1;Largura:50cm:1;Altura:52cm:1
Rack iron matt,Objetos Decorativo,"18,05",1,"54,15",521861,521861,Natal,Natal,8720194896099,4.2,2,Rack iron matt finish,"Rack, 521861, christmas, Natal, 8720194896099, Objetos Decorativo",Rack iron matt,,Rack iron matt finish,Natal-521861,1,https://ksdwepsaimagecloud.blob.core.windows.net/ksd-p-imagecloud-nas01/521861.jpg?sv=2018-11-09&se=2023-09-27T10%3A41%3A42Z&sr=c&sp=r&sig=WyiKrM1tfzaSxMnptJwy1q%2F5ZocrFUTbRp6X%2FRRTKKQ%3D,Rack iron matt,Comprimento:22cm:1;Largura:50cm:1;Altura:52cm:1
soft pink - redwood,Objetos Decorativo,"3,19",1,"9,57",522028,522028,Natal,Natal,8720194709078,8,24,Plate pp pu leather with lace 2col ass,"soft, 522028, christmas, Natal, 8720194709078, Objetos Decorativo",soft pink - redwood,,Plate pp pu leather with lace 2col ass,Natal-522028,1,https://ksdwepsaimagecloud.blob.core.windows.net/ksd-p-imagecloud-nas01/522028.jpg?sv=2018-11-09&se=2023-09-27T10%3A42%3A20Z&sr=c&sp=r&sig=1XY%2BazAQkiRtrKtmK0eJKrMGoPde%2BXNnv7oCZ136uHc%3D,soft pink - redwood,Altura:1.5cm:1;Diâmetro:33cm:1
red copper - espresso - velvet pink,Objetos Decorativo,"2,39",1,"7,17",523038,523038,Natal,Natal,8720194879511,2.5,36,Mushroom paulownia wood flock with glitter 3col ass,"red, 523038, christmas, Natal, 8720194879511, Objetos Decorativo",red copper - espresso - velvet pink,,Mushroom paulownia wood flock with glitter 3col ass,Natal-523038,1,https://ksdwepsaimagecloud.blob.core.windows.net/ksd-p-imagecloud-nas01/523038.jpg?sv=2018-11-09&se=2023-09-27T10%3A42%3A21Z&sr=c&sp=r&sig=avLPGnPg2fl0SMBCTPFOKRXmYw1wZQwlWqMdXbu0v7Y%3D,red copper - espresso - velvet pink,Altura:8.5cm:1;Diâmetro:5cm:1
Tree ring iron,Objetos Decorativo,"13,09",1,"39,27",523171,523171,Natal,Natal,8720194895252,9.47,4,Tree ring iron,"Tree, 523171, christmas, Natal, 8720194895252, Objetos Decorativo",Tree ring iron,,Tree ring iron,Natal-523171,1,https://ksdwepsaimagecloud.blob.core.windows.net/ksd-p-imagecloud-nas01/523171.jpg?sv=2018-11-09&se=2023-09-27T10%3A42%3A22Z&sr=c&sp=r&sig=SehqD78E%2BE%2B%2BgKwp58OSi4ir%2FbRDl%2Fo%2B0Z%2B104lfK%2Fw%3D,Tree ring iron,Altura:27cm:1;Diâmetro:70cm:1
Deer polyresin deer,Objetos Decorativo,"7,97",1,"23,91",530508,530508,Natal,Natal,8720093780628,3.5,8,Deer polyresin deer 2ass,"Deer, 530508, christmas, Natal, 8720093780628, Objetos Decorativo",Deer polyresin deer,,Deer polyresin deer 2ass,Natal-530508,1,https://ksdwepsaimagecloud.blob.core.windows.net/ksd-p-imagecloud-nas01/530508.jpg?sv=2018-11-09&se=2023-09-27T10%3A42%3A23Z&sr=c&sp=r&sig=TKjmtXV8XqtBUHp3HYTYtvYoyiNEE64yl4UMSNaLKh4%3D,Deer polyresin deer,Comprimento:9.5cm:1;Largura:18.4cm:1;Altura:26.1cm:1
tree patten w pretzel ear - donut pattern w cake ear,Objetos Decorativo,"3,68",1,"11,04",530930,530930,Natal,Natal,8720194804223,7.5,18,Mug dolomite shiny tree patten w pretzel ear - donut pattern w cake ear 2ass,"tree, 530930, christmas, Natal, 8720194804223, Objetos Decorativo",tree patten w pretzel ear - donut pattern w cake ear,,Mug dolomite shiny tree patten w pretzel ear - donut pattern w cake ear 2ass,Natal-530930,1,https://ksdwepsaimagecloud.blob.core.windows.net/ksd-p-imagecloud-nas01/530930.jpg?sv=2018-11-09&se=2023-09-27T10%3A42%3A25Z&sr=c&sp=r&sig=juOTbdTVT68P1qVmmFKqmKmjBsG7oaHW4Q2dD4JO8aY%3D,tree patten w pretzel ear - donut pattern w cake ear,Comprimento:12cm:1;Largura:9cm:1;Altura:10cm:1
nutcracker-ballet lady,Objetos Decorativo,"12,96",1,"38,88",531108,531108,Natal,Natal,8720194738115,3,4,Figure polyresin nutcracker-ballet lady 2ass,"nutcracker-ballet, 531108, christmas, Natal, 8720194738115, Objetos Decorativo",nutcracker-ballet lady,,Figure polyresin nutcracker-ballet lady 2ass,Natal-531108,1,https://ksdwepsaimagecloud.blob.core.windows.net/ksd-p-imagecloud-nas01/531108.jpg?sv=2018-11-09&se=2023-09-27T10%3A42%3A27Z&sr=c&sp=r&sig=Iuz%2ByzJ94uhReieH%2F6WwsdA0qEvE1TI5XTz4zL8pGzU%3D,nutcracker-ballet lady,Comprimento:8.5cm:1;Largura:17.5cm:1;Altura:30.7cm:1
nutcracker-ballet lady,Objetos Decorativo,"7,78",1,"23,34",531109,531109,Natal,Natal,8720194737538,2.8,10,Figure polyresin nutcracker-ballet lady 2ass,"nutcracker-ballet, 531109, christmas, Natal, 8720194737538, Objetos Decorativo",nutcracker-ballet lady,,Figure polyresin nutcracker-ballet lady 2ass,Natal-531109,1,https://ksdwepsaimagecloud.blob.core.windows.net/ksd-p-imagecloud-nas01/531109.jpg?sv=2018-11-09&se=2023-09-27T10%3A43%3A22Z&sr=c&sp=r&sig=R9%2BPnBjVPer048hx%2FmEczEbLc%2BINLRkehBR92KvjR0U%3D,nutcracker-ballet lady,Comprimento:5.3cm:1;Largura:6.5cm:1;Altura:20.7cm:1
nutcracker-ballet lad,Objetos Decorativo,"3,87",1,"11,61",531110,531110,Natal,Natal,8720194738788,1.8,16,Figure polyresin 2ass,"nutcracker-ballet, 531110, christmas, Natal, 8720194738788, Objetos Decorativo",nutcracker-ballet lad,,Figure polyresin 2ass,Natal-531110,1,https://ksdwepsaimagecloud.blob.core.windows.net/ksd-p-imagecloud-nas01/531110.jpg?sv=2018-11-09&se=2023-09-27T10%3A43%3A23Z&sr=c&sp=r&sig=5Rb%2BqmOWuXLsZcBdIvEJL4SaOIOKOBK7ofHrFcSci7c%3D,nutcracker-ballet lad,Comprimento:2.3cm:1;Largura:7.4cm:1;Altura:12.3cm:1
Lantern firwood,Objetos Decorativo,"46,84",1,"140,52",551369,551369,Natal,Natal,8720093849677,7.1,2,Lantern firwood,"Lantern, 551369, christmas, Natal, 8720093849677, Objetos Decorativo",Lantern firwood,,Lantern firwood,Natal-551369,1,https://ksdwepsaimagecloud.blob.core.windows.net/ksd-p-imagecloud-nas01/551369.jpg?sv=2018-11-09&se=2023-09-27T10%3A43%3A24Z&sr=c&sp=r&sig=CLpKn9Ix8FzuDLq9nSIoWBr8cByY6ml7pqeh3skG6Uw%3D,Lantern firwood,Comprimento:30cm:1;Largura:30cm:1;Altura:85cm:1
Lantern firwood,Objetos Decorativo,"34,51",1,"103,53",551371,551371,Natal,Natal,8720093849707,8.8,2,Lantern firwood,"Lantern, 551371, christmas, Natal, 8720093849707, Objetos Decorativo",Lantern firwood,,Lantern firwood,Natal-551371,1,https://ksdwepsaimagecloud.blob.core.windows.net/ksd-p-imagecloud-nas01/551371.jpg?sv=2018-11-09&se=2023-09-27T10%3A43%3A26Z&sr=c&sp=r&sig=2ceTeyyWx%2BxN2dmcUhvc1mFQ0p3mpP50zDzFCJXpH%2F4%3D,Lantern firwood,Comprimento:25cm:1;Largura:25cm:1;Altura:60cm:1
Dinner plate stoneware,Objetos Decorativo,"3,01",1,"9,03",607310,607310,Natal,Natal,8720194802861,10.84,12,Dinner plate stoneware round embossed sesame glaze,"Dinner, 607310, christmas, Natal, 8720194802861, Objetos Decorativo",Dinner plate stoneware,,Dinner plate stoneware round embossed sesame glaze,Natal-607310,1,https://ksdwepsaimagecloud.blob.core.windows.net/ksd-p-imagecloud-nas01/607310.jpg?sv=2018-11-09&se=2023-09-27T10%3A43%3A27Z&sr=c&sp=r&sig=Qlv2lNyNuhkpnbmpiaOfiZuxKut1nlij%2BMZKS6eF2GA%3D,Dinner plate stoneware,Altura:2.6cm:1;Diâmetro:28.4cm:1
Breakfast plate stoneware,Objetos Decorativo,"2,09",1,"6,27",607311,607311,Natal,Natal,8720194803158,14.2,24,Breakfast plate stoneware round embossed sesame glaze,"Breakfast, 607311, christmas, Natal, 8720194803158, Objetos Decorativo",Breakfast plate stoneware,,Breakfast plate stoneware round embossed sesame glaze,Natal-607311,1,https://ksdwepsaimagecloud.blob.core.windows.net/ksd-p-imagecloud-nas01/607311.jpg?sv=2018-11-09&se=2023-09-27T10%3A43%3A28Z&sr=c&sp=r&sig=GkOGyg1z0taB5Yhm3dprnO8N8My%2FtujrTloSa4sZ%2BuA%3D,Breakfast plate stoneware,Altura:1.9cm:1;Diâmetro:22.2cm:1
Bowl stoneware round,Objetos Decorativo,"2,37",1,"7,11",607312,607312,Natal,Natal,8720194804025,6.4,12,Bowl stoneware round embossed sesame glaze,"Bowl, 607312, christmas, Natal, 8720194804025, Objetos Decorativo",Bowl stoneware round,,Bowl stoneware round embossed sesame glaze,Natal-607312,1,https://ksdwepsaimagecloud.blob.core.windows.net/ksd-p-imagecloud-nas01/607312.jpg?sv=2018-11-09&se=2023-09-27T10%3A44%3A17Z&sr=c&sp=r&sig=hqFSOdhrerY2gEsxm7WBRBzs5kz7LkbpKO4yp3LQIAs%3D,Bowl stoneware round,Altura:7.4cm:1;Diâmetro:14.8cm:1
Mug stoneware round,Objetos Decorativo,"1,72",1,"5,16",607313,607313,Natal,Natal,8720194804810,9.88,24,Mug stoneware round w ear embossed sesame glaze,"Mug, 607313, christmas, Natal, 8720194804810, Objetos Decorativo",Mug stoneware round,,Mug stoneware round w ear embossed sesame glaze,Natal-607313,1,https://ksdwepsaimagecloud.blob.core.windows.net/ksd-p-imagecloud-nas01/607313.jpg?sv=2018-11-09&se=2023-09-27T10%3A44%3A18Z&sr=c&sp=r&sig=tn0WhdMZOqv1yFZ9ouLtw%2BF8eXjr76VypICpVPAYADg%3D,Mug stoneware round,Comprimento:12.5cm:1;Largura:9cm:1;Altura:11cm:1
Waterglass glass 10%,Objetos Decorativo,"3,83",1,"11,49",608290,608290,Natal,Natal,8720194782651,6,24,Waterglass glass 10% gold rim,"Waterglass, 608290, christmas, Natal, 8720194782651, Objetos Decorativo",Waterglass glass 10%,,Waterglass glass 10% gold rim,Natal-608290,1,https://ksdwepsaimagecloud.blob.core.windows.net/ksd-p-imagecloud-nas01/608290.jpg?sv=2018-11-09&se=2023-09-27T10%3A44%3A18Z&sr=c&sp=r&sig=tn0WhdMZOqv1yFZ9ouLtw%2BF8eXjr76VypICpVPAYADg%3D,Waterglass glass 10%,Altura:11cm:1;Diâmetro:7.5cm:1
Wine glass glass,Objetos Decorativo,"4,33",1,"12,99",608291,608291,Natal,Natal,8720194781869,5.5,24,Wine glass glass 10% gold rim,"Wine, 608291, christmas, Natal, 8720194781869, Objetos Decorativo",Wine glass glass,,Wine glass glass 10% gold rim,Natal-608291,1,https://ksdwepsaimagecloud.blob.core.windows.net/ksd-p-imagecloud-nas01/608291.jpg?sv=2018-11-09&se=2023-09-27T10%3A44%3A21Z&sr=c&sp=r&sig=tATnrf8vvMutjqH8em5K5RTnqw8fHOFrqbGWKaB0Ixs%3D,Wine glass glass,Altura:17.8cm:1;Diâmetro:7.7cm:1
Champagne glass glass,Objetos Decorativo,"4,25",1,"12,75",608293,608293,Natal,Natal,8720194782064,5,24,Champagne glass glass 10% gold rim,"Champagne, 608293, christmas, Natal, 8720194782064, Objetos Decorativo",Champagne glass glass,,Champagne glass glass 10% gold rim,Natal-608293,1,https://ksdwepsaimagecloud.blob.core.windows.net/ksd-p-imagecloud-nas01/608293.jpg?sv=2018-11-09&se=2023-09-27T10%3A44%3A21Z&sr=c&sp=r&sig=tATnrf8vvMutjqH8em5K5RTnqw8fHOFrqbGWKaB0Ixs%3D,Champagne glass glass,Altura:21.6cm:1;Diâmetro:6.3cm:1
snowflake - tree,Objetos Decorativo,"6,94",1,"20,82",608640,608640,Natal,Natal,8720194476161,7,6,Storage jar glass 2ass,"snowflake, 608640, christmas, Natal, 8720194476161, Objetos Decorativo",snowflake - tree,,Storage jar glass 2ass,Natal-608640,1,https://ksdwepsaimagecloud.blob.core.windows.net/ksd-p-imagecloud-nas01/608640.jpg?sv=2018-11-09&se=2023-09-27T10%3A44%3A22Z&sr=c&sp=r&sig=0c%2B36tvB%2FaELFiEfRanF3ro0AMTf8gQQXmZQ3LelxNo%3D,snowflake - tree,Comprimento:11cm:1;Largura:11cm:1;Altura:28cm:1;Diâmetro:11cm:1
Plate mangowood round,Objetos Decorativo,"9,96",1,"29,88",608769,608769,Natal,Natal,8720194229514,8.7,8,Plate mangowood round fsc 100%,"Plate, 608769, christmas, Natal, 8720194229514, Objetos Decorativo",Plate mangowood round,,Plate mangowood round fsc 100%,Natal-608769,1,https://ksdwepsaimagecloud.blob.core.windows.net/ksd-p-imagecloud-nas01/608769v.jpg?sv=2018-11-09&se=2023-09-27T10%3A44%3A57Z&sr=c&sp=r&sig=K2UpLrPpyD5uNJ8beAentByc4nqWvKsplQw1M3gxAWc%3D,Plate mangowood round,Comprimento:1.8cm:1;Largura:37cm:1;Altura:37cm:1
Cushion eg cotton,Objetos Decorativo,"10,98",1,"32,94",613779,613779,Natal,Natal,8720194219614,5.9,8,Cushion eg cotton 2ass,"Cushion, 613779, christmas, Natal, 8720194219614, Objetos Decorativo",Cushion eg cotton,,Cushion eg cotton 2ass,Natal-613779,1,https://ksdwepsaimagecloud.blob.core.windows.net/ksd-p-imagecloud-nas01/613779.jpg?sv=2018-11-09&se=2023-09-27T10%3A44%3A58Z&sr=c&sp=r&sig=ZIsWH5vwERb86zxtiSyTbLh%2Bhkf8DBwGeHOsXcKYfPg%3D,Cushion eg cotton,Comprimento:10cm:1;Largura:45cm:1;Altura:45cm:1
Doormat coir,Objetos Decorativo,"5,81",1,"17,43",617702,617702,Natal,Natal,8720194337721,8.1,6,Doormat coir 2ass indoor and outdoor,"Doormat, 617702, christmas, Natal, 8720194337721, Objetos Decorativo",Doormat coir,,Doormat coir 2ass indoor and outdoor,Natal-617702,1,https://ksdwepsaimagecloud.blob.core.windows.net/ksd-p-imagecloud-nas01/617702.jpg?sv=2018-11-09&se=2023-09-27T10%3A44%3A59Z&sr=c&sp=r&sig=rtCzBB8db7wrRmCSCAGrkIbGIUBIFzeiNM%2BLHVVcw6Y%3D,Doormat coir,Comprimento:40cm:1;Largura:60cm:1;Altura:1.5cm:1
Plate pp foil,Objetos Decorativo,"1,46",1,"4,38",643491,643491,Natal,Natal,8720194895405,7.8,24,Plate pp foil flower relief,"Plate, 643491, christmas, Natal, 8720194895405, Objetos Decorativo",Plate pp foil,,Plate pp foil flower relief,Natal-643491,1,https://ksdwepsaimagecloud.blob.core.windows.net/ksd-p-imagecloud-nas01/643491.jpg?sv=2018-11-09&se=2023-09-27T10%3A45%3A00Z&sr=c&sp=r&sig=Iqodw7mQkYEp2PnPJj6PttK6UM2JKbzWy6hRU7XKy70%3D,Plate pp foil,Altura:1.5cm:1;Diâmetro:33cm:1
Plate glass clear,Objetos Decorativo,"5,01",1,"15,03",646320,646320,Natal,Natal,8720194791004,13.5,18,Plate glass clear gold rim,"Plate, 646320, christmas, Natal, 8720194791004, Objetos Decorativo",Plate glass clear,,Plate glass clear gold rim,Natal-646320,1,https://ksdwepsaimagecloud.blob.core.windows.net/ksd-p-imagecloud-nas01/646320.jpg?sv=2018-11-09&se=2023-09-27T10%3A45%3A01Z&sr=c&sp=r&sig=6Q%2F2EYdWDG5FfVLdB7LuD8XRAt8MTFpRkYcERoHTTmg%3D,Plate glass clear,Altura:1.5cm:1;Diâmetro:26.5cm:1
Plate glass clear,Objetos Decorativo,"3,71",1,"11,13",646321,646321,Natal,Natal,8720194790618,9.6,24,Plate glass clear gold rim,"Plate, 646321, christmas, Natal, 8720194790618, Objetos Decorativo",Plate glass clear,,Plate glass clear gold rim,Natal-646321,1,https://ksdwepsaimagecloud.blob.core.windows.net/ksd-p-imagecloud-nas01/646321.jpg?sv=2018-11-09&se=2023-09-27T10%3A45%3A02Z&sr=c&sp=r&sig=tDKAL5rkdCmkdJlIrP0aE%2F27MOf48WMYKfWmXald38g%3D,Plate glass clear,Altura:1.5cm:1;Diâmetro:20.5cm:1
Bowl glass clear,Objetos Decorativo,"4,13",1,"12,39",646322,646322,Natal,Natal,8720194791097,5.5,12,Bowl glass clear gold rim,"Bowl, 646322, christmas, Natal, 8720194791097, Objetos Decorativo",Bowl glass clear,,Bowl glass clear gold rim,Natal-646322,1,https://ksdwepsaimagecloud.blob.core.windows.net/ksd-p-imagecloud-nas01/646322.jpg?sv=2018-11-09&se=2023-09-27T10%3A45%3A05Z&sr=c&sp=r&sig=31jjTMtz9nVaWQYirXYeIbVHrxKq3zfvfwcyzVij8PE%3D,Bowl glass clear,Altura:7cm:1;Diâmetro:14.5cm:1
shiny - matt,Objetos Decorativo,"28,62",1,"85,86",649101,649101,Natal,Natal,8720194559307,10.64,2,Vase recycled glass shiny - matt with rib 2col ass,"shiny, 649101, christmas, Natal, 8720194559307, Objetos Decorativo",shiny - matt,,Vase recycled glass shiny - matt with rib 2col ass,Natal-649101,1,https://ksdwepsaimagecloud.blob.core.windows.net/ksd-p-imagecloud-nas01/649101.jpg?sv=2018-11-09&se=2023-09-27T10%3A45%3A54Z&sr=c&sp=r&sig=KmG7MW%2Fh1co5zi0uvPCzCu6IyS0CRiHGYrjXMIWnXiM%3D,shiny - matt,Altura:44cm:1;Diâmetro:34cm:1
Vase terracotta,Objetos Decorativo,"13,64",1,"40,92",650384,650384,Natal,Natal,8720194446287,5.5,1,Vase terracotta,"Vase, 650384, christmas, Natal, 8720194446287, Objetos Decorativo",Vase terracotta,,Vase terracotta,Natal-650384,1,https://ksdwepsaimagecloud.blob.core.windows.net/ksd-p-imagecloud-nas01/650384.jpg?sv=2018-11-09&se=2023-09-27T10%3A45%3A55Z&sr=c&sp=r&sig=aEnaqqlc9oAlwi1ntw1aKewtQP4u5tYLVoUFHyMuW5w%3D,Vase terracotta,Altura:33cm:1;Diâmetro:27cm:1
Vase terracotta,Objetos Decorativo,"9,80",1,"29,4",650385,650385,Natal,Natal,8720194444160,10.7,2,Vase terracotta,"Vase, 650385, christmas, Natal, 8720194444160, Objetos Decorativo",Vase terracotta,,Vase terracotta,Natal-650385,1,https://ksdwepsaimagecloud.blob.core.windows.net/ksd-p-imagecloud-nas01/650385.jpg?sv=2018-11-09&se=2023-09-27T10%3A45%3A57Z&sr=c&sp=r&sig=tzjHnq73%2F8%2FUI19%2B8p4pwV1tmiiMHIjbibEyMIoZ1tE%3D,Vase terracotta,Altura:25cm:1;Diâmetro:27cm:1
Vase terracotta sand,Objetos Decorativo,"13,64",1,"40,92",650390,650390,Natal,Natal,8720194446485,5.5,1,Vase terracotta sand,"Vase, 650390, christmas, Natal, 8720194446485, Objetos Decorativo",Vase terracotta sand,,Vase terracotta sand,Natal-650390,1,https://ksdwepsaimagecloud.blob.core.windows.net/ksd-p-imagecloud-nas01/650390.jpg?sv=2018-11-09&se=2023-09-27T10%3A45%3A58Z&sr=c&sp=r&sig=p8EvZyp7vfH8aRy%2BBZRzpqYte%2FgLgdKQ0cL1ucTNAOo%3D,Vase terracotta sand,Altura:33cm:1;Diâmetro:27cm:1
Vase terracotta sand,Objetos Decorativo,"9,80",1,"29,4",650391,650391,Natal,Natal,8720194445020,10.5,2,Vase terracotta sand,"Vase, 650391, christmas, Natal, 8720194445020, Objetos Decorativo",Vase terracotta sand,,Vase terracotta sand,Natal-650391,1,https://ksdwepsaimagecloud.blob.core.windows.net/ksd-p-imagecloud-nas01/650391.jpg?sv=2018-11-09&se=2023-09-27T10%3A45%3A59Z&sr=c&sp=r&sig=5cpQP72sKHxfikCWeh682tL3MfWTT7JAsc6USnit%2F6s%3D,Vase terracotta sand,Altura:25cm:1;Diâmetro:27cm:1
Planter terracotta matt,Objetos Decorativo,"15,97",1,"47,91",650396,650396,Natal,Natal,8720194446782,6,1,Planter terracotta matt,"Planter, 650396, christmas, Natal, 8720194446782, Objetos Decorativo",Planter terracotta matt,,Planter terracotta matt,Natal-650396,1,https://ksdwepsaimagecloud.blob.core.windows.net/ksd-p-imagecloud-nas01/650396.jpg?sv=2018-11-09&se=2023-09-27T10%3A46%3A00Z&sr=c&sp=r&sig=PkKn4f2TBhAOwbIf0ms8XjVXUc3t2lMnD8R6CEKsAwA%3D,Planter terracotta matt,Altura:31cm:1;Diâmetro:29cm:1
Planter terracotta matt,Objetos Decorativo,"9,19",1,"27,57",650397,650397,Natal,Natal,8720194445501,7.2,2,Planter terracotta matt,"Planter, 650397, christmas, Natal, 8720194445501, Objetos Decorativo",Planter terracotta matt,,Planter terracotta matt,Natal-650397,1,https://ksdwepsaimagecloud.blob.core.windows.net/ksd-p-imagecloud-nas01/650397.jpg?sv=2018-11-09&se=2023-09-27T10%3A46%3A03Z&sr=c&sp=r&sig=8tPE0zoO%2BLfdUezm7a%2FhwcdS1kr%2B1jfANdzBjMt2ldk%3D,Planter terracotta matt,Altura:25cm:1;Diâmetro:25cm:1
Doormat coir,Objetos Decorativo,"5,81",1,"17,43",661703,661703,Natal,Natal,8720194336830,8.1,6,Doormat coir 2ass indoor and outdoor,"Doormat, 661703, christmas, Natal, 8720194336830, Objetos Decorativo",Doormat coir,,Doormat coir 2ass indoor and outdoor,Natal-661703,1,https://ksdwepsaimagecloud.blob.core.windows.net/ksd-p-imagecloud-nas01/661703.jpg?sv=2018-11-09&se=2023-09-27T10%3A46%3A40Z&sr=c&sp=r&sig=KNbI5c0NheNMZi9rcLUwRgmFHZqRGqkB7oegGLT%2FkmQ%3D,Doormat coir,Comprimento:40cm:1;Largura:60cm:1;Altura:1.5cm:1
Tablerunner polyester,Objetos Decorativo,"2,79",1,"8,37",668822,668822,Natal,Natal,8720093783568,2.5,24,Tablerunner polyester 2ass,"Tablerunner, 668822, christmas, Natal, 8720093783568, Objetos Decorativo",Tablerunner polyester,,Tablerunner polyester 2ass,Natal-668822,1,https://ksdwepsaimagecloud.blob.core.windows.net/ksd-p-imagecloud-nas01/668822.jpg?sv=2018-11-09&se=2023-09-27T10%3A46%3A41Z&sr=c&sp=r&sig=JmbH4lZFx5YncK%2F02RT0niU7slVjn24368f%2FHBV0PdY%3D,Tablerunner polyester,Comprimento:32cm:1;Largura:150cm:1;Altura:0.5cm:1
Galloway spruce LED,Objetos Decorativo,"371,50",1,"1114,5",670206,670206,Natal,Natal,8720194324974,23,1,Galloway spruce LED indoor,"Galloway, 670206, christmas, Natal, 8720194324974, Objetos Decorativo",Galloway spruce LED,,Galloway spruce LED indoor,Natal-670206,1,https://ksdwepsaimagecloud.blob.core.windows.net/ksd-p-imagecloud-nas01/670206.jpg?sv=2018-11-09&se=2023-09-27T10%3A46%3A42Z&sr=c&sp=r&sig=gkKq7taznoCq3ICrOVfbYUJ2qnhqnx5Za7RjCMeMbu4%3D,Galloway spruce LED,Altura:240cm:1;Diâmetro:150cm:1
Alpine fir snowy,Objetos Decorativo,"66,22",1,"198,66",674071,674071,Natal,Natal,8718533663242,4.2,1,Alpine fir snowy Micro LED indoor,"Alpine, 674071, christmas, Natal, 8718533663242, Objetos Decorativo",Alpine fir snowy,,Alpine fir snowy Micro LED indoor,Natal-674071,1,https://ksdwepsaimagecloud.blob.core.windows.net/ksd-p-imagecloud-nas01/674071.jpg?sv=2018-11-09&se=2023-09-27T10%3A46%3A43Z&sr=c&sp=r&sig=vnhJ2EgGig0%2Fhy3r%2FVUgxr5Vd2zacMgQm5BYOA5c3dY%3D,Alpine fir snowy,Altura:180cm:1;Diâmetro:41cm:1
Alpine fir snowy,Objetos Decorativo,"82,58",1,"247,74",674072,674072,Natal,Natal,8718533663266,5.7,2,Alpine fir snowy Micro LED indoor,"Alpine, 674072, christmas, Natal, 8718533663266, Objetos Decorativo",Alpine fir snowy,,Alpine fir snowy Micro LED indoor,Natal-674072,1,https://ksdwepsaimagecloud.blob.core.windows.net/ksd-p-imagecloud-nas01/674072.jpg?sv=2018-11-09&se=2023-09-27T10%3A46%3A44Z&sr=c&sp=r&sig=xvBVLQUmVx1%2BzDKM58mb7pZ%2FQNuh%2BsNb9bNWIE4FFaY%3D,Alpine fir snowy,Altura:210cm:1;Diâmetro:50cm:1
Alpine fir snowy,Objetos Decorativo,"113,95",1,"341,85",674073,674073,Natal,Natal,8720194648674,7.2,2,Alpine fir snowy Micro LED indoor,"Alpine, 674073, christmas, Natal, 8720194648674, Objetos Decorativo",Alpine fir snowy,,Alpine fir snowy Micro LED indoor,Natal-674073,1,https://ksdwepsaimagecloud.blob.core.windows.net/ksd-p-imagecloud-nas01/674073.jpg?sv=2018-11-09&se=2023-09-27T10%3A46%3A45Z&sr=c&sp=r&sig=B5y7nCIfS1qGD8KOdF6wgPBXLCXwLnvURBdyAzavJXk%3D,Alpine fir snowy,Altura:240cm:1;Diâmetro:60cm:1
Alpine fir,Objetos Decorativo,"39,45",1,"118,35",680071,680071,Natal,Natal,8719152783236,3.4,2,Alpine fir,"Alpine, 680071, christmas, Natal, 8719152783236, Objetos Decorativo",Alpine fir,,Alpine fir,Natal-680071,1,https://ksdwepsaimagecloud.blob.core.windows.net/ksd-p-imagecloud-nas01/680071.jpg?sv=2018-11-09&se=2023-09-27T10%3A46%3A49Z&sr=c&sp=r&sig=EtbgQE2s6RkuUNXdR9H9eV%2F0lHK9yM5%2FozpXSdQawB4%3D,Alpine fir,Altura:180cm:1;Diâmetro:41cm:1
Alpine fir,Objetos Decorativo,"49,59",1,"148,77",680072,680072,Natal,Natal,8719152783243,4.5,2,Alpine fir,"Alpine, 680072, christmas, Natal, 8719152783243, Objetos Decorativo",Alpine fir,,Alpine fir,Natal-680072,1,https://ksdwepsaimagecloud.blob.core.windows.net/ksd-p-imagecloud-nas01/680072.jpg?sv=2018-11-09&se=2023-09-27T10%3A47%3A41Z&sr=c&sp=r&sig=LFTy%2BixiU8CpwCZ6X5sMO3Am3kf1Pto7tNHKxbYN4k0%3D,Alpine fir,Altura:210cm:1;Diâmetro:50cm:1
Alpine fir snowy,Objetos Decorativo,"32,42",1,"97,26",680080,680080,Natal,Natal,8719152783274,2.5,2,Alpine fir snowy,"Alpine, 680080, christmas, Natal, 8719152783274, Objetos Decorativo",Alpine fir snowy,,Alpine fir snowy,Natal-680080,1,https://ksdwepsaimagecloud.blob.core.windows.net/ksd-p-imagecloud-nas01/680080.jpg?sv=2018-11-09&se=2023-09-27T10%3A47%3A43Z&sr=c&sp=r&sig=a7ZlitkhFVKCdrO9wHcrA9nibrF811UvoZ73%2BYRZ7xA%3D,Alpine fir snowy,Altura:150cm:1;Diâmetro:36cm:1
Alpine mini tree,Objetos Decorativo,"11,32",1,"33,96",680091,680091,Natal,Natal,8719152783335,6.3,8,Alpine mini tree indoor,"Alpine, 680091, christmas, Natal, 8719152783335, Objetos Decorativo",Alpine mini tree,,Alpine mini tree indoor,Natal-680091,1,https://ksdwepsaimagecloud.blob.core.windows.net/ksd-p-imagecloud-nas01/680091.jpg?sv=2018-11-09&se=2023-09-27T10%3A47%3A44Z&sr=c&sp=r&sig=D%2Fr0Q8uFaNMbKuNEvz%2BidCpvU4lji1KoSNF2IdlNY2Q%3D,Alpine mini tree,Altura:60cm:1;Diâmetro:30cm:1
Alpine mini tree,Objetos Decorativo,"13,33",1,"39,99",680101,680101,Natal,Natal,8719152783373,6.5,8,Alpine mini tree snowy indoor,"Alpine, 680101, christmas, Natal, 8719152783373, Objetos Decorativo",Alpine mini tree,,Alpine mini tree snowy indoor,Natal-680101,1,https://ksdwepsaimagecloud.blob.core.windows.net/ksd-p-imagecloud-nas01/680101.jpg?sv=2018-11-09&se=2023-09-27T10%3A47%3A45Z&sr=c&sp=r&sig=BFeH8R1PCScfGWB8G71EQLmGp1gFjEpxBa4Sw7SJnvo%3D,Alpine mini tree,Altura:60cm:1;Diâmetro:30cm:1
Alpine mini tree,Objetos Decorativo,"18,54",1,"55,62",680102,680102,Natal,Natal,8719152783380,6.7,6,Alpine mini tree snowy indoor,"Alpine, 680102, christmas, Natal, 8719152783380, Objetos Decorativo",Alpine mini tree,,Alpine mini tree snowy indoor,Natal-680102,1,https://ksdwepsaimagecloud.blob.core.windows.net/ksd-p-imagecloud-nas01/680102.jpg?sv=2018-11-09&se=2023-09-27T10%3A47%3A46Z&sr=c&sp=r&sig=GtvsMweAUrUTMgzE3d6hTQS5r5ucIs1lqAhZhn%2BiCFo%3D,Alpine mini tree,Altura:75cm:1;Diâmetro:36cm:1
Grandis garland snowy,Objetos Decorativo,"20,21",1,"60,63",680859,680859,Natal,Natal,8720194653067,5.4,4,Grandis garland snowy indoor,"Grandis, 680859, christmas, Natal, 8720194653067, Objetos Decorativo",Grandis garland snowy,,Grandis garland snowy indoor,Natal-680859,1,https://ksdwepsaimagecloud.blob.core.windows.net/ksd-p-imagecloud-nas01/680859.jpg?sv=2018-11-09&se=2023-09-27T10%3A47%3A47Z&sr=c&sp=r&sig=9eud7f2wTgCc4gqxsm30R%2BCu3FQYVS%2Bolb%2FKZZ4aH9w%3D,Grandis garland snowy,Comprimento:270cm:1;Largura:4cm:1;Altura:8cm:1
Branch red berries,Objetos Decorativo,"0,53",1,"1,59",681023,681023,Natal,Natal,8720194658598,1.5,144,Branch red berries indoor,"Branch, 681023, christmas, Natal, 8720194658598, Objetos Decorativo",Branch red berries,,Branch red berries indoor,Natal-681023,1,https://ksdwepsaimagecloud.blob.core.windows.net/ksd-p-imagecloud-nas01/681023.jpg?sv=2018-11-09&se=2023-09-27T10%3A48%3A39Z&sr=c&sp=r&sig=5DqZM709tUCStsiqJRuGzg5mgKiAIB8Tn18El7z0Un4%3D,Branch red berries,Comprimento:6cm:1;Largura:8cm:1;Altura:21.5cm:1
Norway wreath snowy,Objetos Decorativo,"18,17",1,"54,51",681526,681526,Natal,Natal,8720194654620,4,6,Norway wreath snowy indoor,"Norway, 681526, christmas, Natal, 8720194654620, Objetos Decorativo",Norway wreath snowy,,Norway wreath snowy indoor,Natal-681526,1,https://ksdwepsaimagecloud.blob.core.windows.net/ksd-p-imagecloud-nas01/681526.jpg?sv=2018-11-09&se=2023-09-27T10%3A48%3A40Z&sr=c&sp=r&sig=1RKazdvfG9O%2FBZrhKqqmbbWW9QIBcnm2oc6AMctoeCo%3D,Norway wreath snowy,Altura:10cm:1;Diâmetro:50cm:1
Norway garland snowy,Objetos Decorativo,"28,42",1,"85,26",681529,681529,Natal,Natal,8720194653357,4.4,4,Norway garland snowy indoor,"Norway, 681529, christmas, Natal, 8720194653357, Objetos Decorativo",Norway garland snowy,,Norway garland snowy indoor,Natal-681529,1,https://ksdwepsaimagecloud.blob.core.windows.net/ksd-p-imagecloud-nas01/681529.jpg?sv=2018-11-09&se=2023-09-27T10%3A48%3A41Z&sr=c&sp=r&sig=zv27bydIzS02Nz7Ff5cYmN6zj3pM9q3eOndRUf%2FiM6s%3D,Norway garland snowy,Comprimento:270cm:1;Diâmetro:46cm:1
R/w berrie wreath,Objetos Decorativo,"20,67",1,"62,01",682851,682851,Natal,Natal,8718532564557,2.6,4,"R/w berrie wreath snowy red berries, pinecones indoor","R/w, 682851, christmas, Natal, 8718532564557, Objetos Decorativo",R/w berrie wreath,,"R/w berrie wreath snowy red berries, pinecones indoor",Natal-682851,1,https://ksdwepsaimagecloud.blob.core.windows.net/ksd-p-imagecloud-nas01/682851.jpg?sv=2018-11-09&se=2023-09-27T10%3A48%3A42Z&sr=c&sp=r&sig=Lkr%2FMdRmon9anydBl43IOfC3vtIqcAC1u7ya%2BumhF4o%3D,R/w berrie wreath,Altura:12cm:1;Diâmetro:60cm:1
Norway spruce snowy,Objetos Decorativo,"208,52",1,"625,56",684837,684837,Natal,Natal,8720194650004,10.8,1,Norway spruce snowy,"Norway, 684837, christmas, Natal, 8720194650004, Objetos Decorativo",Norway spruce snowy,,Norway spruce snowy,Natal-684837,1,https://ksdwepsaimagecloud.blob.core.windows.net/ksd-p-imagecloud-nas01/684837.jpg?sv=2018-11-09&se=2023-09-27T10%3A48%3A44Z&sr=c&sp=r&sig=Z4VL2TpiWBTe6GuXWb2MCW3jzC5XXPLOYEpkIpHboNs%3D,Norway spruce snowy,Altura:210cm:1;Diâmetro:147cm:1
Norway spruce snowy,Objetos Decorativo,"278,25",1,"834,75",684838,684838,Natal,Natal,8720194649909,15.3,1,Norway spruce snowy,"Norway, 684838, christmas, Natal, 8720194649909, Objetos Decorativo",Norway spruce snowy,,Norway spruce snowy,Natal-684838,1,https://ksdwepsaimagecloud.blob.core.windows.net/ksd-p-imagecloud-nas01/684838.jpg?sv=2018-11-09&se=2023-09-27T10%3A48%3A45Z&sr=c&sp=r&sig=jRt0cy9xM7ldumM%2F8U2qtc7oVQVj44iGBhm3mpZWDLo%3D,Norway spruce snowy,Altura:240cm:1;Diâmetro:170cm:1
Norway spruce snowy,Objetos Decorativo,"492,15",1,"1476,45",684839,684839,Natal,Natal,8720194650592,26.8,1,Norway spruce snowy,"Norway, 684839, christmas, Natal, 8720194650592, Objetos Decorativo",Norway spruce snowy,,Norway spruce snowy,Natal-684839,1,https://ksdwepsaimagecloud.blob.core.windows.net/ksd-p-imagecloud-nas01/684839.jpg?sv=2018-11-09&se=2023-09-27T10%3A49%3A16Z&sr=c&sp=r&sig=PP%2BVlSFSN8vVHKgeUtkhcAaaDz4OJbA%2BL31aIZ%2FVybw%3D,Norway spruce snowy,Altura:300cm:1;Diâmetro:193cm:1
Tree stand poly,Objetos Decorativo,"31,08",1,"93,24",685243,685243,Natal,Natal,8720194654200,12,2,Tree stand poly concrete,"Tree, 685243, christmas, Natal, 8720194654200, Objetos Decorativo",Tree stand poly,,Tree stand poly concrete,Natal-685243,1,https://ksdwepsaimagecloud.blob.core.windows.net/ksd-p-imagecloud-nas01/685243.jpg?sv=2018-11-09&se=2023-09-27T10%3A49%3A16Z&sr=c&sp=r&sig=PP%2BVlSFSN8vVHKgeUtkhcAaaDz4OJbA%2BL31aIZ%2FVybw%3D,Tree stand poly,Altura:40cm:1;Diâmetro:36cm:1
Tree ring paulownia,Objetos Decorativo,"20,41",1,"61,23",685305,685305,Natal,Natal,8720194647950,8.9,4,Tree ring paulownia wood,"Tree, 685305, christmas, Natal, 8720194647950, Objetos Decorativo",Tree ring paulownia,,Tree ring paulownia wood,Natal-685305,1,https://ksdwepsaimagecloud.blob.core.windows.net/ksd-p-imagecloud-nas01/685305.jpg?sv=2018-11-09&se=2023-09-27T10%3A49%3A18Z&sr=c&sp=r&sig=Ar4BoFMASnEaO0TgqT7oQyWIKd8OsNM3HZWvpY03l8o%3D,Tree ring paulownia,Altura:28cm:1;Diâmetro:70cm:1
Tree ring sea,Objetos Decorativo,"10,34",1,"31,02",685306,685306,Natal,Natal,8720194505908,9.5,6,Tree ring sea grass,"Tree, 685306, christmas, Natal, 8720194505908, Objetos Decorativo",Tree ring sea,,Tree ring sea grass,Natal-685306,1,https://ksdwepsaimagecloud.blob.core.windows.net/ksd-p-imagecloud-nas01/685306.jpg?sv=2018-11-09&se=2023-09-27T10%3A49%3A19Z&sr=c&sp=r&sig=cEdroRbZ9PnL0A%2BPsmU3rDCyg%2BwQwy1kV773Jbx3fnE%3D,Tree ring sea,Altura:28cm:1;Diâmetro:57cm:1
Tree ring sea,Objetos Decorativo,"14,31",1,"42,93",685307,685307,Natal,Natal,8720194503324,8.6,4,Tree ring sea grass,"Tree, 685307, christmas, Natal, 8720194503324, Objetos Decorativo",Tree ring sea,,Tree ring sea grass,Natal-685307,1,https://ksdwepsaimagecloud.blob.core.windows.net/ksd-p-imagecloud-nas01/685307.jpg?sv=2018-11-09&se=2023-09-27T10%3A49%3A20Z&sr=c&sp=r&sig=aJTJcX0dS3X%2FQOMBZl9o6eMrQlJgY8DyZ1iLaatYUHw%3D,Tree ring sea,Altura:28cm:1;Diâmetro:70cm:1
Allison wreath snowy,Objetos Decorativo,"24,72",1,"74,16",688459,688459,Natal,Natal,8720194655108,3.8,4,Allison wreath snowy indoor,"Allison, 688459, christmas, Natal, 8720194655108, Objetos Decorativo",Allison wreath snowy,,Allison wreath snowy indoor,Natal-688459,1,https://ksdwepsaimagecloud.blob.core.windows.net/ksd-p-imagecloud-nas01/688459.jpg?sv=2018-11-09&se=2023-09-27T10%3A49%3A21Z&sr=c&sp=r&sig=nPS9Q3feARfjTsBzCOIyUW3KmX7uI4cJ67aPB2akacU%3D,Allison wreath snowy,Altura:10cm:1;Diâmetro:80cm:1
Mini tree snowy,Objetos Decorativo,"4,98",1,"14,94",689606,689606,Natal,Natal,8719152290703,2.05,8,Mini tree snowy indoor,"Mini, 689606, christmas, Natal, 8719152290703, Objetos Decorativo",Mini tree snowy,,Mini tree snowy indoor,Natal-689606,1,https://ksdwepsaimagecloud.blob.core.windows.net/ksd-p-imagecloud-nas01/689606.jpg?sv=2018-11-09&se=2023-09-27T10%3A49%3A55Z&sr=c&sp=r&sig=BaKTyU9hEtamxI1a2tOyskz1NcCyTVmmnzsKqqiy7tE%3D,Mini tree snowy,Comprimento:27cm:1;Largura:14cm:1;Altura:27cm:1
Allison pine misty,Objetos Decorativo,"94,82",1,"284,46",689826,689826,Natal,Natal,8720194504512,11.3,2,Allison pine misty,"Allison, 689826, christmas, Natal, 8720194504512, Objetos Decorativo",Allison pine misty,,Allison pine misty,Natal-689826,1,https://ksdwepsaimagecloud.blob.core.windows.net/ksd-p-imagecloud-nas01/689826.jpg?sv=2018-11-09&se=2023-09-27T10%3A49%3A56Z&sr=c&sp=r&sig=ue94%2BMWhwmlGIyw4mKPQvPntdGXUfy0UTPsAxGHGCp8%3D,Allison pine misty,Altura:210cm:1;Diâmetro:127cm:1
Allison pine misty,Objetos Decorativo,"131,98",1,"395,94",689827,689827,Natal,Natal,8720194505113,15.6,2,Allison pine misty,"Allison, 689827, christmas, Natal, 8720194505113, Objetos Decorativo",Allison pine misty,,Allison pine misty,Natal-689827,1,https://ksdwepsaimagecloud.blob.core.windows.net/ksd-p-imagecloud-nas01/689827.jpg?sv=2018-11-09&se=2023-09-27T10%3A49%3A57Z&sr=c&sp=r&sig=LCZCIbOa3i6XTRbHaHrnm5VghWfK0NhtnGXaFgUH8hM%3D,Allison pine misty,Altura:240cm:1;Diâmetro:152cm:1
Basket pe round,Objetos Decorativo,"47,18",1,"141,54",760115,760115,Natal,Natal,8720093072570,7,2,Basket pe round,"Basket, 760115, christmas, Natal, 8720093072570, Objetos Decorativo",Basket pe round,,Basket pe round,Natal-760115,1,https://ksdwepsaimagecloud.blob.core.windows.net/ksd-p-imagecloud-nas01/760115.jpg?sv=2018-11-09&se=2023-09-27T10%3A49%3A58Z&sr=c&sp=r&sig=%2B%2FZIITySEAEoiyPf%2FbD2F0ZoF8h9AkCoV2uoPQejAT0%3D,Basket pe round,Altura:33cm:1;Diâmetro:40cm:1
Basket straw round,Objetos Decorativo,"46,90",1,"140,7",760274,760274,Natal,Natal,8720194824078,6.1,2,Basket straw round,"Basket, 760274, christmas, Natal, 8720194824078, Objetos Decorativo",Basket straw round,,Basket straw round,Natal-760274,1,https://ksdwepsaimagecloud.blob.core.windows.net/ksd-p-imagecloud-nas01/760274.jpg?sv=2018-11-09&se=2023-09-27T10%3A49%3A59Z&sr=c&sp=r&sig=4V2m5PzDz%2FhYVHkjsX1Ry0bsSFHAgLD12zmUtlsYLhw%3D,Basket straw round,Altura:34.5cm:1;Diâmetro:39cm:1